{
  "model_name": "Linear Regression",
  "train_metrics": {
    "mae": 1288.9024873784197,
    "rmse": 2285.3990827054963,
    "r2": 0.38568007834583673,
    "mape": 55.42443658127515
  },
  "test_metrics": {
    "mae": 1287.6616657593042,
    "rmse": 2468.292659018875,
    "r2": 0.25333731794445447,
    "mape": 52.65622377070973
  },
  "overfitting_check": {
    "mae_diff": -1.2408216191154224,
    "rmse_diff": 182.89357631337862,
    "r2_diff": 0.13234276040138226
  }
}